X,Y,OBJECTID,DATE_,SITE,PROBE,TEMP_C,CONDUCTIVI,SP_CONDUCT,SALINITY,DISS_OXYGE,COMMENTS,UTM_E,UTM_N
-12917367.5293,3952583.1879,1,2008/07/07 00:00:00+00,North Desert Shores,4,32.7,64.7,56.9,37.8,5.3, ,589366,3699424
-12917367.5293,3952583.1879,2,2008/07/08 00:00:00+00,North Desert Shores,4,31.7,66.5,59,39.4,2, ,589366,3699424
-12918978.9415,3962128.9618,3,2008/07/08 00:00:00+00,Whitewater River,4,33.6,70.69,60.6,40.3,2.2, ,587948,3707343
-12906353.2527,3964286.9348,4,2008/07/09 00:00:00+00,North Shore,4,32.3,67.5,59.3,39.5,3.9, ,598465,3709237
-12918978.9415,3962128.9618,5,2008/07/09 00:00:00+00,Whitewater River,4,32.5,69.1,60.4,40.3,2, ,587948,3707343
-12906353.2527,3964286.9348,6,2008/07/10 00:00:00+00,North Shore,4,32.8,71.6,62.2,41.6,5.3, ,598465,3709237
-12895737.4548,3952891.3244,7,2008/07/15 00:00:00+00,Bat Caves,4,32,65,57.5,38.1,5.5, ,607427,3699864
-12895737.4548,3952891.3244,8,2008/07/16 00:00:00+00,Bat Caves,4,32.2,69.1,60.5,40.4,4.7, ,607427,3699864
-12886715.1589,3942739.9842,9,2008/07/16 00:00:00+00,The Cliffs,4,31.8,67.6,60,39.9,2.4, ,615062,3691509
-12870915.7261,3923476.2963,10,2008/07/17 00:00:00+00,Alamo River,4,30.5,64.5,58.5,38.9,3.6, ,628480,3675635
-12870894.0266,3935316.5046,11,2008/07/17 00:00:00+00,North Wister,4,31.2,66.3,59.3,39,2.5, ,628368,3685497
-12886715.1589,3942739.9842,12,2008/07/17 00:00:00+00,The Cliffs,4,31.2,68.1,60.9,40.7,1.3, ,615062,3691509
-12870915.7261,3923476.2963,13,2008/07/18 00:00:00+00,Alamo River,4,30.9,64.1,57.7,38.3,2.9, ,628480,3675635
-12908343.5215,3941190.3219,14,2008/07/21 00:00:00+00,The Dome,4,31.3,67,60,40.1,1.6, ,596997,3690022
-12898906.8272,3931692.0641,15,2008/07/22 00:00:00+00,South Salton City,4,31.1,68.6,61.4,41,2.2, ,604971,3682198
-12908343.5215,3941190.3219,16,2008/07/22 00:00:00+00,The Dome,4,30.7,67.7,61,40.8,1.7, ,596997,3690022
-12898906.8272,3931692.0641,17,2008/07/23 00:00:00+00,South Salton City,4,30.1,66.1,60.3,40.3,2.4, ,604971,3682198
-12879300.2081,3913176.1348,18,2008/07/31 00:00:00+00,New River,4,30.6,62.7,57,38,4, ,621567,3666958
-12894448.6437,3919637.7002,19,2008/07/31 00:00:00+00,Test Base,4,30.5,67.4,60.9,40.8,1.5, ,608813,3672196
-12894448.6437,3919637.7002,20,2008/08/01 00:00:00+00,Test Base,4,31.7,70.2,62.2,41.6,3.1, ,608813,3672196
-12918978.9415,3962128.9618,21,2008/04/02 00:00:00+00,Whitewater River,4.0,19.1,53.0,59.7,49.5,4.5, ,587948,3707343
-12918978.9415,3962128.9618,22,2008/04/03 00:00:00+00,Whitewater River,4.0,20.1,50.9,56.3,45.2,4.2, ,587948,3707343
-12906353.2527,3964286.9348,23,2008/04/02 00:00:00+00,North Shore,4.0,19.9,53.9,59.7,49.5,5.5, ,598465,3709237
-12906353.2527,3964286.9348,24,2008/04/03 00:00:00+00,North Shore,4.0,18.7,52.0,59.2,48.9,2.0, ,598465,3709237
-12895737.4548,3952891.3244,25,2008/04/10 00:00:00+00,Bat Caves,4.0,18.9,52.5,59.3,49.0,5.4, ,607427,3699864
-12895737.4548,3952891.3244,26,2008/04/11 00:00:00+00,Bat Caves,4.0,20.7,54.2,59.0,48.6,8.2, ,607427,3699864
-12917367.5293,3952583.1879,27,2008/04/14 00:00:00+00,North Desert Shores,4.0,20.0,52.7,58.3,47.7,4.4, ,589366,3699424
-12917367.5293,3952583.1879,28,2008/04/15 00:00:00+00,North Desert Shores,4.0,22.7,56.4,59.1,48.7,6.6, ,589366,3699424
-12908343.5215,3941190.3219,29,2008/04/15 00:00:00+00,The Dome,4.0,20.8,52.3,57.0,46.1,5.9, ,596997,3690022
-12908343.5215,3941190.3219,30,2008/04/16 00:00:00+00,The Dome,4.0,21.8,56.3,59.9,49.8,3.9, ,596997,3690022
-12886715.1589,3942739.9842,31,2008/04/17 00:00:00+00,The Cliffs,4.0,20.7,53.7,58.5,48.0,6.0, ,615062,3691509
-12886715.1589,3942739.9842,32,2008/04/18 00:00:00+00,The Cliffs,4.0,21.2,54.7,59.0,48.6,6.2, ,615062,3691509
-12879300.2081,3913176.1348,33,2008/04/21 00:00:00+00,New River,4.0,19.4,58.2,52.2,40.4,5.5, ,621567,3666958
-12879300.2081,3913176.1348,34,2008/04/22 00:00:00+00,New River,4.0,20.5,53.7,58.6,48.1,4.5, ,621567,3666958
-12894448.6437,3919637.7002,35,2008/04/24 00:00:00+00,Test Base,N/A,N/A,N/A,N/A,N/A,N/A, ,608813,3672196
-12894448.6437,3919637.7002,36,2008/04/25 00:00:00+00,Test Base,N/A,N/A,N/A,N/A,N/A,N/A, ,608813,3672196
-12898906.8272,3931692.0641,37,2008/05/01 00:00:00+00,South Salton City,4.0,22.0,N/A,N/A,N/A,6.1, ,604971,3682198
-12898906.8272,3931692.0641,38,2008/05/02 00:00:00+00,South Salton City,4.0,22.2,55.3,58.4,47.8,6.5, ,604971,3682198
-12870915.7261,3923476.2963,39,2008/05/05 00:00:00+00,Alamo River,4.0,21.8,50.3,53.4,41.7,6.3, ,628480,3675635
-12870915.7261,3923476.2963,40,2008/05/06 00:00:00+00,Alamo River,4.0,21.7,45.9,49.2,37.1,6.5, ,628480,3675635
-12870894.0266,3935316.5046,41,2008/05/05 00:00:00+00,North Wister,4.0,23.7,52.8,54.1,42.5,7.7, ,628368,3685497
-12870894.0266,3935316.5046,42,2008/05/06 00:00:00+00,North Wister,4.0,22.2,50.5,53.4,41.7,6.0, ,628368,3685497
-12870915.7261,3923476.2963,43,2003/04/07 00:00:00+00,Alamo River,4.0,18.3,48.8,56.0,44.8,9.7, ,628480,3675635
-12870915.7261,3923476.2963,44,2003/04/08 00:00:00+00,Alamo River,N/A,N/A,N/A,N/A,N/A,N/A, ,628480,3675635
-12918978.9415,3962128.9618,45,2003/04/09 00:00:00+00,Whitewater River,3.0,19.2,47.5,53.4,41.7,7.6, ,587948,3707343
-12906353.2527,3964286.9348,46,2003/04/09 00:00:00+00,North Shore,5.0,19.0,49.0,55.7,44.5,3.8, ,598465,3709237
-12918978.9415,3962128.9618,47,2003/04/10 00:00:00+00,Whitewater River,3.0,21.3,52.6,56.6,45.6,10.5, ,587948,3707343
-12906353.2527,3964286.9348,48,2003/04/10 00:00:00+00,North Shore,5.0,19.2,50.4,56.7,45.7,3.9, ,598465,3709237
-12879300.2081,3913176.1348,49,2003/04/24 00:00:00+00,New River,7.0,18.3,48.3,55.5,44.2,7.1, ,621567,3666958
-12870894.0266,3935316.5046,50,2003/04/24 00:00:00+00,North Wister,3.0,20.8,50.6,55.0,43.6,9.1, ,628368,3685497
-12879300.2081,3913176.1348,51,2003/04/25 00:00:00+00,New River,7.0,19.0,50.3,56.8,45.8,9.0, ,621567,3666958
-12870894.0266,3935316.5046,52,2003/04/25 00:00:00+00,North Wister,3.0,23.1,51.5,53.5,41.8,9.8, ,628368,3685497
-12917367.5293,3952583.1879,53,2003/05/12 00:00:00+00,North Desert Shores,4.0,21.7,50.7,54.3,42.8,9.4, ,589366,3699424
-12908343.5215,3941190.3219,54,2003/05/12 00:00:00+00,The Dome,4.0,22.4,53.3,56.1,44.9,10.6, ,596997,3690022
-12917367.5293,3952583.1879,55,2003/05/13 00:00:00+00,North Desert Shores,4.0,23.4,51.2,52.9,41.2,7.4, ,589366,3699424
-12908343.5215,3941190.3219,56,2003/05/13 00:00:00+00,The Dome,4.0,23.5,53.8,55.9,44.7,11.9, ,596997,3690022
-12895737.4548,3952891.3244,57,2003/05/28 00:00:00+00,Bat Caves,3.0,30.0,58.4,53.4,41.7,1.4, ,607427,3699864
-12895737.4548,3952891.3244,58,2003/05/29 00:00:00+00,Bat Caves,N/A,N/A,N/A,N/A,N/A,N/A, ,607427,3699864
-12898906.8272,3931692.0641,59,2003/06/03 00:00:00+00,South Salton City,4.0,29.1,60.1,55.8,44.6,0.4, ,604971,3682198
-12894448.6437,3919637.7002,60,2003/06/03 00:00:00+00,Test Base,4.0,28.4,55.0,51.7,39.8,0.6, ,608813,3672196
-12898906.8272,3931692.0641,61,2003/06/04 00:00:00+00,South Salton City,4.0,28.5,60.3,56.7,45.7,0.7, ,604971,3682198
-12894448.6437,3919637.7002,62,2003/06/04 00:00:00+00,Test Base,4.0,29.5,61.7,56.6,45.6,0.6, ,608813,3672196
-12886715.1589,3942739.9842,63,2003/06/12 00:00:00+00,The Cliffs,4.0,27.9,57.2,54.2,42.7,0.8, ,615062,3691509
-12886715.1589,3942739.9842,64,2003/06/13 00:00:00+00,The Cliffs,4.0,27.3,58.4,55.9,44.7,0.7, ,615062,3691509
-12909216.3635,3954663.0506,65,2003/07/15 00:00:00+00,North Basin,3.0,33.1,64.2,55.6,44.3,10.8, ,596156,3701218
-12909216.3635,3954663.0506,66,2003/07/15 00:00:00+00,North Basin,40.0,29.2,59.3,54.7,43.3,0.7, ,596156,3701218
-12909216.3635,3954663.0506,67,2003/07/16 00:00:00+00,North Basin,3.0,31.9,60.2,53.4,41.7,5.8, ,596156,3701218
-12909216.3635,3954663.0506,68,2003/07/16 00:00:00+00,North Basin,40.0,31.7,61.2,54.4,42.9,3.9, ,596156,3701218
-12879300.2081,3913176.1348,69,2003/07/17 00:00:00+00,New River,4.0,30.7,63.0,56.8,45.8,0.8, ,621567,3666958
-12879300.2081,3913176.1348,70,2003/07/18 00:00:00+00,New River,4.0,30.4,55.9,50.6,38.6,0.5, ,621567,3666958
-12918978.9415,3962128.9618,71,2003/07/21 00:00:00+00,Whitewater River,3.0,31.8,59.3,52.5,40.7,3.1, ,587948,3707343
-12906353.2527,3964286.9348,72,2003/07/21 00:00:00+00,North Shore,5.0,31.5,56.1,49.9,37.8,1.4, ,598465,3709237
-12918978.9415,3962128.9618,73,2003/07/22 00:00:00+00,Whitewater River,3.0,31.7,50.2,45.0,45.0,0.6, ,587948,3707343
-12906353.2527,3964286.9348,74,2003/07/22 00:00:00+00,North Shore,5.0,31.2,61.2,54.5,43.0,3.5, ,598465,3709237
-12895737.4548,3952891.3244,75,2003/07/23 00:00:00+00,Bat Caves,5.0,31.3,61.4,54.7,43.3,1.3, ,607427,3699864
-12886715.1589,3942739.9842,76,2003/07/23 00:00:00+00,The Cliffs,5.0,31.2,56.1,50.0,38.0,3.0, ,615062,3691509
-12895737.4548,3952891.3244,77,2003/07/24 00:00:00+00,Bat Caves,N/A,N/A,N/A,N/A,N/A,N/A, ,607427,3699864
-12886715.1589,3942739.9842,78,2003/07/24 00:00:00+00,The Cliffs,N/A,N/A,N/A,N/A,N/A,N/A, ,615062,3691509
-12870894.0266,3935316.5046,79,2003/07/31 00:00:00+00,North Wister,3.0,31.8,48.4,42.8,30.9,7.4, ,628368,3685497
-12870915.7261,3923476.2963,80,2003/07/31 00:00:00+00,Alamo River,3.0,32.9,53.6,46.5,34.4,7.2, ,628480,3675635
-12870894.0266,3935316.5046,81,2003/08/01 00:00:00+00,North Wister,3.0,31.9,N/A,N/A,N/A,7.6,dfguser: large fluctuations prevented accurate readings from being taken,628368,3685497
-12870915.7261,3923476.2963,82,2003/08/01 00:00:00+00,Alamo River,3.0,32.0,47.3,41.8,30.1,4.8, ,628480,3675635
-12917367.5293,3952583.1879,83,2003/08/06 00:00:00+00,North Desert Shores,5.0,31.1,55.3,49.6,37.5,1.7, ,589366,3699424
-12908343.5215,3941190.3219,84,2003/08/06 00:00:00+00,The Dome,3.0,32.1,60.6,53.5,41.8,5.0, ,596997,3690022
-12917367.5293,3952583.1879,85,2003/08/07 00:00:00+00,North Desert Shores,5.0,30.3,56.8,51.5,39.6,2.0, ,589366,3699424
-12908343.5215,3941190.3219,86,2003/08/07 00:00:00+00,The Dome,3.0,29.6,51.5,47.7,35.6,1.3, ,596997,3690022
-12883058.2175,3927305.8824,87,2003/08/11 00:00:00+00,South Basin,3.0,31.0,41.0,37.0,26.3,3.6, ,618275,3678697
-12883058.2175,3927305.8824,88,2003/08/11 00:00:00+00,South Basin,40.0,30.4,46.5,42.2,30.4,0.4, ,618275,3678697
-12883058.2175,3927305.8824,89,2003/08/12 00:00:00+00,South Basin,3.0,30.8,55.3,49.8,37.7,2.2, ,618275,3678697
-12883058.2175,3927305.8824,90,2003/08/12 00:00:00+00,South Basin,40.0,30.2,54.1,49.2,37.1,0.5, ,618275,3678697
-12896581.3288,3940381.1043,91,2003/08/13 00:00:00+00,Inter Basin,5.0,31.5,51.5,45.8,33.7,2.9, ,606837,3689452
-12896581.3288,3940381.1043,92,2003/08/13 00:00:00+00,Inter Basin,40.0,27.7,46.1,44.5,32.5,0.5, ,606837,3689452
-12896581.3288,3940381.1043,93,2003/08/14 00:00:00+00,Inter Basin,N/A,N/A,N/A,N/A,N/A,N/A, ,606837,3689452
-12896581.3288,3940381.1043,94,2003/08/14 00:00:00+00,Inter Basin,N/A,N/A,N/A,N/A,N/A,N/A, ,606837,3689452
-12898906.8272,3931692.0641,95,2003/08/18 00:00:00+00,South Salton City,3.0,32.4,51.2,44.9,32.8,5.0, ,604971,3682198
-12894448.6437,3919637.7002,96,2003/08/18 00:00:00+00,Test Base,4.0,32.0,49.7,43.8,31.8,8.3, ,608813,3672196
-12898906.8272,3931692.0641,97,2003/08/19 00:00:00+00,South Salton City,N/A,N/A,N/A,N/A,N/A,N/A, ,604971,3682198
-12894448.6437,3919637.7002,98,2003/08/19 00:00:00+00,Test Base,N/A,N/A,N/A,N/A,N/A,N/A, ,608813,3672196
-12870894.0266,3935316.5046,99,2003/10/01 00:00:00+00,North Wister,4.0,30.0,N/A,N/A,N/A,13.5, ,628368,3685497
-12870915.7261,3923476.2963,100,2003/10/01 00:00:00+00,Alamo River,3.0,30.0,N/A,N/A,N/A,4.5, ,628480,3675635
-12870894.0266,3935316.5046,101,2003/10/02 00:00:00+00,North Wister,4.0,30.1,N/A,N/A,N/A,7.9,dfguser: large fluctuations prevented accurate readings from being taken,628368,3685497
-12870915.7261,3923476.2963,102,2003/10/02 00:00:00+00,Alamo River,3.0,30.0,N/A,N/A,N/A,6.9,dfguser: large fluctuations prevented accurate readings from being taken,628480,3675635
-12918978.9415,3962128.9618,103,2003/10/06 00:00:00+00,Whitewater River,3.0,28.7,N/A,N/A,N/A,4.4, ,587948,3707343
-12906353.2527,3964286.9348,104,2003/10/06 00:00:00+00,North Shore,4.0,30.0,N/A,N/A,N/A,8.3, ,598465,3709237
-12918978.9415,3962128.9618,105,2003/10/07 00:00:00+00,Whitewater River,3.0,29.5,N/A,N/A,N/A,5.5, ,587948,3707343
-12906353.2527,3964286.9348,106,2003/10/07 00:00:00+00,North Shore,4.0,29.4,N/A,N/A,N/A,6.2, ,598465,3709237
-12883058.2175,3927305.8824,107,2003/10/08 00:00:00+00,South Basin,3.0,28.4,N/A,N/A,N/A,7.2, ,618275,3678697
-12883058.2175,3927305.8824,108,2003/10/08 00:00:00+00,South Basin,40.0,28.2,N/A,N/A,N/A,0.7, ,618275,3678697
-12879300.2081,3913176.1348,109,2003/10/08 00:00:00+00,New River,3.0,27.6,N/A,N/A,N/A,9.8, ,621567,3666958
-12883058.2175,3927305.8824,110,2003/10/09 00:00:00+00,South Basin,3.0,28.7,N/A,N/A,N/A,9.0, ,618275,3678697
-12883058.2175,3927305.8824,111,2003/10/09 00:00:00+00,South Basin,40.0,28.3,N/A,N/A,N/A,0.7, ,618275,3678697
-12879300.2081,3913176.1348,112,2003/10/09 00:00:00+00,New River,3.0,27.8,N/A,N/A,N/A,4.9, ,621567,3666958
-12896581.3288,3940381.1043,113,2003/10/14 00:00:00+00,Inter Basin,4.0,28.5,N/A,N/A,N/A,3.9, ,606837,3689452
-12896581.3288,3940381.1043,114,2003/10/14 00:00:00+00,Inter Basin,35.0,28.3,N/A,N/A,N/A,0.6, ,606837,3689452
-12886715.1589,3942739.9842,115,2003/10/14 00:00:00+00,The Cliffs,4.0,28.6,N/A,N/A,N/A,9.1, ,615062,3691509
-12896581.3288,3940381.1043,116,2003/10/15 00:00:00+00,Inter Basin,4.0,28.4,N/A,N/A,N/A,3.7, ,606837,3689452
-12896581.3288,3940381.1043,117,2003/10/15 00:00:00+00,Inter Basin,35.0,28.3,N/A,N/A,N/A,3.0, ,606837,3689452
-12886715.1589,3942739.9842,118,2003/10/15 00:00:00+00,The Cliffs,4.0,28.5,N/A,N/A,N/A,12.7, ,615062,3691509
-12909216.3635,3954663.0506,119,2003/10/16 00:00:00+00,North Basin,5.0,28.4,N/A,N/A,N/A,4.3, ,596156,3701218
-12909216.3635,3954663.0506,120,2003/10/16 00:00:00+00,North Basin,35.0,28.2,N/A,N/A,N/A,0.9, ,596156,3701218
-12895737.4548,3952891.3244,121,2003/10/16 00:00:00+00,Bat Caves,4.0,28.1,N/A,N/A,N/A,4.3, ,607427,3699864
-12895737.4548,3952891.3244,122,2003/10/16 00:00:00+00,Bat Caves,4.0,27.8,N/A,N/A,N/A,0.7,Administrator: Another set of water quality data was taken at this site because of strong differences in water color.,607427,3699864
-12909216.3635,3954663.0506,123,2003/10/17 00:00:00+00,North Basin,N/A,N/A,N/A,N/A,N/A,N/A, ,596156,3701218
-12909216.3635,3954663.0506,124,2003/10/17 00:00:00+00,North Basin,N/A,N/A,N/A,N/A,N/A,N/A, ,596156,3701218
-12895737.4548,3952891.3244,125,2003/10/17 00:00:00+00,Bat Caves,4.0,28.0,N/A,N/A,N/A,3.3, ,607427,3699864
-12917367.5293,3952583.1879,126,2003/10/21 00:00:00+00,North Desert Shores,5.0,27.2,N/A,N/A,N/A,0.5, ,589366,3699424
-12908343.5215,3941190.3219,127,2003/10/21 00:00:00+00,The Dome,4.0,27.3,N/A,N/A,N/A,0.9,dfguser: large fluctuations prevented accurate readings from being taken,596997,3690022
-12917367.5293,3952583.1879,128,2003/10/22 00:00:00+00,North Desert Shores,5.0,26.8,N/A,N/A,N/A,0.5, ,589366,3699424
-12908343.5215,3941190.3219,129,2003/10/22 00:00:00+00,The Dome,4.0,27.1,N/A,N/A,N/A,1.7,dfguser: large fluctuations prevented accurate readings from being taken,596997,3690022
-12898906.8272,3931692.0641,130,2003/10/28 00:00:00+00,South Salton City,4.0,25.7,N/A,N/A,N/A,5.0, ,604971,3682198
-12894448.6437,3919637.7002,131,2003/10/28 00:00:00+00,Test Base,4.0,26.0,N/A,N/A,N/A,1.6, ,608813,3672196
-12898906.8272,3931692.0641,132,2003/10/29 00:00:00+00,South Salton City,4.0,25.8,N/A,N/A,N/A,3.8,dfguser: large fluctuations prevented accurate readings from being taken,604971,3682198
-12894448.6437,3919637.7002,133,2003/10/29 00:00:00+00,Test Base,4.0,25.8,N/A,N/A,N/A,3.2, ,608813,3672196
-12870894.0266,3935316.5046,134,2004/01/26 00:00:00+00,North Wister,3.0,14.4,N/A,N/A,N/A,9.6, ,628368,3685497
-12870915.7261,3923476.2963,135,2004/01/26 00:00:00+00,Alamo River,3.0,14.6,N/A,N/A,N/A,16.7, ,628480,3675635
-12870894.0266,3935316.5046,136,2004/01/27 00:00:00+00,North Wister,3.0,15.2,N/A,N/A,N/A,>20, ,628368,3685497
-12870915.7261,3923476.2963,137,2004/01/27 00:00:00+00,Alamo River,3.0,14.9,N/A,N/A,N/A,16.8, ,628480,3675635
-12906353.2527,3964286.9348,138,2004/01/28 00:00:00+00,North Shore,7.0,14.7,N/A,N/A,N/A,13.5, ,598465,3709237
-12886715.1589,3942739.9842,139,2004/01/28 00:00:00+00,The Cliffs,6.0,14.3,N/A,N/A,N/A,15.6, ,615062,3691509
-12906353.2527,3964286.9348,140,2004/01/29 00:00:00+00,North Shore,7.0,14.6,N/A,N/A,N/A,10.7, ,598465,3709237
-12895737.4548,3952891.3244,141,2004/01/29 00:00:00+00,Bat Caves,3.0,15.1,N/A,N/A,N/A,11.2, ,607427,3699864
-12886715.1589,3942739.9842,142,2004/01/29 00:00:00+00,The Cliffs,6.0,14.6,N/A,N/A,N/A,18.0, ,615062,3691509
-12895737.4548,3952891.3244,143,2004/01/30 00:00:00+00,Bat Caves,3.0,15.0,N/A,N/A,N/A,15.1, ,607427,3699864
-12908343.5215,3941190.3219,144,2004/02/05 00:00:00+00,The Dome,4.0,14.9,N/A,N/A,N/A,12.3, ,596997,3690022
-12898906.8272,3931692.0641,145,2004/02/05 00:00:00+00,South Salton City,6.0,14.9,N/A,N/A,N/A,10.4, ,604971,3682198
-12908343.5215,3941190.3219,146,2004/02/06 00:00:00+00,The Dome,4.0,14.4,N/A,N/A,N/A,7.0, ,596997,3690022
-12898906.8272,3931692.0641,147,2004/02/06 00:00:00+00,South Salton City,6.0,14.5,N/A,N/A,N/A,9.7, ,604971,3682198
-12918978.9415,3962128.9618,148,2004/02/19 00:00:00+00,Whitewater River,4.0,15.2,N/A,N/A,N/A,9.4, ,587948,3707343
-12917367.5293,3952583.1879,149,2004/02/19 00:00:00+00,North Desert Shores,4.0,15.2,N/A,N/A,N/A,8.0, ,589366,3699424
-12918978.9415,3962128.9618,150,2004/02/20 00:00:00+00,Whitewater River,4.0,14.9,N/A,N/A,N/A,7.0, ,587948,3707343
-12917367.5293,3952583.1879,151,2004/02/20 00:00:00+00,North Desert Shores,4.0,14.8,N/A,N/A,N/A,8.3, ,589366,3699424
-12894448.6437,3919637.7002,152,2004/03/04 00:00:00+00,Test Base,N/A,N/A,N/A,N/A,N/A,N/A, ,608813,3672196
-12879300.2081,3913176.1348,153,2004/03/04 00:00:00+00,New River,N/A,N/A,N/A,N/A,N/A,N/A, ,621567,3666958
-12894448.6437,3919637.7002,154,2004/03/05 00:00:00+00,Test Base,4.0,16.9,N/A,N/A,N/A,9.6, ,608813,3672196
-12883058.2175,3927305.8824,155,2004/03/05 00:00:00+00,South Basin,35.0,15.0,N/A,N/A,N/A,8.2, ,618275,3678697
-12883058.2175,3927305.8824,156,2004/03/05 00:00:00+00,South Basin,6.0,15.4,N/A,N/A,N/A,10.3, ,618275,3678697
-12879300.2081,3913176.1348,157,2004/03/05 00:00:00+00,New River,4.0,16.8,N/A,N/A,N/A,5.5, ,621567,3666958
-12883058.2175,3927305.8824,158,2004/03/06 00:00:00+00,South Basin,35.0,15.1,N/A,N/A,N/A,6.9, ,618275,3678697
-12883058.2175,3927305.8824,159,2004/03/06 00:00:00+00,South Basin,6.0,15.9,N/A,N/A,N/A,11.6, ,618275,3678697
-12896581.3288,3940381.1043,160,2004/03/08 00:00:00+00,Inter Basin,35.0,16.2,N/A,N/A,N/A,10.9, ,606837,3689452
-12896581.3288,3940381.1043,161,2004/03/08 00:00:00+00,Inter Basin,4.0,16.9,N/A,N/A,N/A,14.4, ,606837,3689452
-12896581.3288,3940381.1043,162,2004/03/09 00:00:00+00,Inter Basin,35.0,15.9,N/A,N/A,N/A,8.6, ,606837,3689452
-12896581.3288,3940381.1043,163,2004/03/09 00:00:00+00,Inter Basin,4.0,N/A,N/A,N/A,N/A,12.1, ,606837,3689452
-12918978.9415,3962128.9618,164,2004/04/05 00:00:00+00,Whitewater River,4.0,22.6,N/A,N/A,N/A,12.9, ,587948,3707343
-12917367.5293,3952583.1879,165,2004/04/05 00:00:00+00,North Desert Shores,4.0,21.7,N/A,N/A,N/A,12.6, ,589366,3699424
-12906353.2527,3964286.9348,166,2004/04/05 00:00:00+00,North Shore,5.0,22.4,N/A,N/A,N/A,13.7, ,598465,3709237
-12918978.9415,3962128.9618,167,2004/04/06 00:00:00+00,Whitewater River,4.0,22.3,N/A,N/A,N/A,11.5, ,587948,3707343
-12917367.5293,3952583.1879,168,2004/04/06 00:00:00+00,North Desert Shores,4.0,22.5,N/A,N/A,N/A,12.2, ,589366,3699424
-12906353.2527,3964286.9348,169,2004/04/06 00:00:00+00,North Shore,5.0,21.9,N/A,N/A,N/A,11.3, ,598465,3709237
-12870894.0266,3935316.5046,170,2004/04/08 00:00:00+00,North Wister,4.0,22.8,N/A,N/A,N/A,13.2, ,628368,3685497
-12870915.7261,3923476.2963,171,2004/04/08 00:00:00+00,Alamo River,3.0,21.3,N/A,N/A,N/A,13.5, ,628480,3675635
-12870894.0266,3935316.5046,172,2004/04/09 00:00:00+00,North Wister,4.0,23.1,N/A,N/A,N/A,13.0, ,628368,3685497
-12870915.7261,3923476.2963,173,2004/04/09 00:00:00+00,Alamo River,3.0,20.8,N/A,N/A,N/A,8.4, ,628480,3675635
-12894448.6437,3919637.7002,174,2004/04/12 00:00:00+00,Test Base,3.0,24.0,N/A,N/A,N/A,12.9, ,608813,3672196
-12879300.2081,3913176.1348,175,2004/04/12 00:00:00+00,New River,4.0,22.1,N/A,N/A,N/A,2.7, ,621567,3666958
-12894448.6437,3919637.7002,176,2004/04/13 00:00:00+00,Test Base,3.0,24.7,N/A,N/A,N/A,15.6, ,608813,3672196
-12879300.2081,3913176.1348,177,2004/04/13 00:00:00+00,New River,4.0,22.2,N/A,N/A,N/A,6.3, ,621567,3666958
-12908343.5215,3941190.3219,178,2004/04/14 00:00:00+00,The Dome,4.0,22.8,N/A,N/A,N/A,8.3, ,596997,3690022
-12898906.8272,3931692.0641,179,2004/04/14 00:00:00+00,South Salton City,4.0,23.0,N/A,N/A,N/A,9.8, ,604971,3682198
-12908343.5215,3941190.3219,180,2004/04/15 00:00:00+00,The Dome,4.0,23.0,N/A,N/A,N/A,6.0, ,596997,3690022
-12898906.8272,3931692.0641,181,2004/04/15 00:00:00+00,South Salton City,4.0,23.1,N/A,N/A,N/A,11.8, ,604971,3682198
-12895737.4548,3952891.3244,182,2004/04/26 00:00:00+00,Bat Caves,4.0,27.5,N/A,N/A,N/A,19.7, ,607427,3699864
-12886715.1589,3942739.9842,183,2004/04/26 00:00:00+00,The Cliffs,4.0,24.4,N/A,N/A,N/A,6.9, ,615062,3691509
-12895737.4548,3952891.3244,184,2004/04/27 00:00:00+00,Bat Caves,4.0,23.9,N/A,N/A,N/A,8.9, ,607427,3699864
-12886715.1589,3942739.9842,185,2004/04/27 00:00:00+00,The Cliffs,4.0,21.6,N/A,N/A,N/A,2.5, ,615062,3691509
-12879300.2081,3913176.1348,186,2004/07/06 00:00:00+00,New River,4.0,29.8,N/A,N/A,N/A,6.1, ,621567,3666958
-12870894.0266,3935316.5046,187,2004/07/06 00:00:00+00,North Wister,4.0,30.6,N/A,N/A,N/A,14.3, ,628368,3685497
-12870915.7261,3923476.2963,188,2004/07/06 00:00:00+00,Alamo River,4.0,28.4,N/A,N/A,N/A,1.4, ,628480,3675635
-12879300.2081,3913176.1348,189,2004/07/07 00:00:00+00,New River,4.0,29.9,N/A,N/A,N/A,2.4, ,621567,3666958
-12870894.0266,3935316.5046,190,2004/07/07 00:00:00+00,North Wister,4.0,28.8,N/A,N/A,N/A,4.6, ,628368,3685497
-12870915.7261,3923476.2963,191,2004/07/07 00:00:00+00,Alamo River,4.0,28.4,N/A,N/A,N/A,3.2, ,628480,3675635
-12895737.4548,3952891.3244,192,2004/07/08 00:00:00+00,Bat Caves,4.0,28.8,N/A,N/A,N/A,2.3, ,607427,3699864
-12886715.1589,3942739.9842,193,2004/07/08 00:00:00+00,The Cliffs,4.0,28.9,N/A,N/A,N/A,4.4, ,615062,3691509
-12895737.4548,3952891.3244,194,2004/07/09 00:00:00+00,Bat Caves,4.0,32.3,N/A,N/A,N/A,16.1, ,607427,3699864
-12886715.1589,3942739.9842,195,2004/07/09 00:00:00+00,The Cliffs,4.0,31.2,N/A,N/A,N/A,13.2, ,615062,3691509
-12918978.9415,3962128.9618,196,2004/07/13 00:00:00+00,Whitewater River,4.0,32.3,N/A,N/A,N/A,4.1, ,587948,3707343
-12906353.2527,3964286.9348,197,2004/07/13 00:00:00+00,North Shore,4.0,32.6,N/A,N/A,N/A,7.6, ,598465,3709237
-12918978.9415,3962128.9618,198,2004/07/14 00:00:00+00,Whitewater River,4.0,33.7,N/A,N/A,N/A,5.9, ,587948,3707343
-12906353.2527,3964286.9348,199,2004/07/14 00:00:00+00,North Shore,4.0,32.0,N/A,N/A,N/A,5.4, ,598465,3709237
-12917367.5293,3952583.1879,200,2004/08/03 00:00:00+00,North Desert Shores,4.0,31.8,N/A,N/A,N/A,0.8, ,589366,3699424
-12908343.5215,3941190.3219,201,2004/08/03 00:00:00+00,The Dome,4.0,31.5,N/A,N/A,N/A,0.5, ,596997,3690022
-12917367.5293,3952583.1879,202,2004/08/04 00:00:00+00,North Desert Shores,4.0,31.2,N/A,N/A,N/A,0.5, ,589366,3699424
-12908343.5215,3941190.3219,203,2004/08/04 00:00:00+00,The Dome,4.0,32.3,N/A,N/A,N/A,2.8, ,596997,3690022
-12898906.8272,3931692.0641,204,2004/08/09 00:00:00+00,South Salton City,4.0,31.6,N/A,N/A,N/A,0.6, ,604971,3682198
-12894448.6437,3919637.7002,205,2004/08/09 00:00:00+00,Test Base,4.0,30.7,N/A,N/A,N/A,1.5, ,608813,3672196
-12898906.8272,3931692.0641,206,2004/08/10 00:00:00+00,South Salton City,4.0,31.8,N/A,N/A,N/A,0.9, ,604971,3682198
-12894448.6437,3919637.7002,207,2004/08/10 00:00:00+00,Test Base,4.0,31.0,N/A,N/A,N/A,1.6, ,608813,3672196
-12870894.0266,3935316.5046,208,2004/10/13 00:00:00+00,North Wister,3.0,25.3,N/A,N/A,N/A,13.2, ,628368,3685497
-12870915.7261,3923476.2963,209,2004/10/13 00:00:00+00,Alamo River,3.0,26.2,N/A,N/A,N/A,8.0, ,628480,3675635
-12870894.0266,3935316.5046,210,2004/10/14 00:00:00+00,North Wister,3.0,25.0,N/A,N/A,N/A,7.0, ,628368,3685497
-12870915.7261,3923476.2963,211,2004/10/14 00:00:00+00,Alamo River,3.0,25.3,N/A,N/A,N/A,5.0, ,628480,3675635
-12895737.4548,3952891.3244,212,2004/11/02 00:00:00+00,Bat Caves,4.0,20.2,49.4,54.5,43.0,9.2, ,607427,3699864
-12886715.1589,3942739.9842,213,2004/11/02 00:00:00+00,The Cliffs,4.0,19.5,46.6,52.3,40.5,8.3, ,615062,3691509
-12895737.4548,3952891.3244,214,2004/11/03 00:00:00+00,Bat Caves,4.0,20.5,49.5,53.9,42.3,12.1, ,607427,3699864
-12886715.1589,3942739.9842,215,2004/11/03 00:00:00+00,The Cliffs,4.0,19.6,45.0,51.1,39.1,10.5, ,615062,3691509
-12918978.9415,3962128.9618,216,2004/11/04 00:00:00+00,Whitewater River,4.0,18.0,44.6,51.5,39.6,0.9, ,587948,3707343
-12906353.2527,3964286.9348,217,2004/11/04 00:00:00+00,North Shore,4.0,20.5,48.9,53.3,41.6,13.3, ,598465,3709237
-12918978.9415,3962128.9618,218,2004/11/05 00:00:00+00,Whitewater River,4.0,17.2,43.0,50.3,38.3,0.8, ,587948,3707343
-12906353.2527,3964286.9348,219,2004/11/05 00:00:00+00,North Shore,4.0,19.6,46.7,52.1,40.3,9.7, ,598465,3709237
-12917367.5293,3952583.1879,220,2004/11/09 00:00:00+00,North Desert Shores,4.0,20.0,47.2,52.4,40.6,10.2, ,589366,3699424
-12908343.5215,3941190.3219,221,2004/11/09 00:00:00+00,The Dome,4.0,19.9,45.3,50.4,38.4,6.8, ,596997,3690022
-12917367.5293,3952583.1879,222,2004/11/10 00:00:00+00,North Desert Shores,4.0,19.7,47.2,52.6,40.8,9.0, ,589366,3699424
-12908343.5215,3941190.3219,223,2004/11/10 00:00:00+00,The Dome,4.0,19.6,43.7,49.0,36.9,4.5, ,596997,3690022
-12879300.2081,3913176.1348,224,2004/11/16 00:00:00+00,New River,4.0,19.1,41.3,46.7,34.6,1.3, ,621567,3666958
-12879300.2081,3913176.1348,225,2004/11/17 00:00:00+00,New River,4.0,19.4,49.0,54.7,43.3,1.4, ,621567,3666958
-12898906.8272,3931692.0641,226,2004/11/18 00:00:00+00,South Salton City,4.0,18.7,45.7,51.9,40.0,12.3, ,604971,3682198
-12894448.6437,3919637.7002,227,2004/11/18 00:00:00+00,Test Base,4.0,19.7,44.3,49.5,37.4,1.1, ,608813,3672196
-12898906.8272,3931692.0641,228,2004/11/19 00:00:00+00,South Salton City,N/A,N/A,N/A,N/A,N/A,N/A, ,604971,3682198
-12894448.6437,3919637.7002,229,2004/11/19 00:00:00+00,Test Base,N/A,N/A,N/A,N/A,N/A,N/A, ,608813,3672196
-12870894.0266,3935316.5046,230,2004/11/30 00:00:00+00,North Wister,3.0,14.0,38.6,48.9,36.8,12.0, ,628368,3685497
-12870915.7261,3923476.2963,231,2004/11/30 00:00:00+00,Alamo River,3.0,13.7,36.5,46.6,34.5,8.2, ,628480,3675635
-12870894.0266,3935316.5046,232,2004/12/01 00:00:00+00,North Wister,3.0,13.9,38.3,48.6,36.5,4.8, ,628368,3685497
-12870915.7261,3923476.2963,233,2004/12/01 00:00:00+00,Alamo River,3.0,14.1,36.7,46.6,34.5,2.4, ,628480,3675635
-12870894.0266,3935316.5046,234,2005/01/05 00:00:00+00,North Wister,4.0,14.1,38.5,48.3,36.2,11.3, ,628368,3685497
-12870915.7261,3923476.2963,235,2005/01/05 00:00:00+00,Alamo River,4.0,13.8,36.9,47.2,35.1,8.6, ,628480,3675635
-12870894.0266,3935316.5046,236,2005/01/06 00:00:00+00,North Wister,4.0,13.6,38.6,49.4,37.3,15.5, ,628368,3685497
-12870915.7261,3923476.2963,237,2005/01/06 00:00:00+00,Alamo River,4.0,13.5,38.0,48.6,36.5,9.4, ,628480,3675635
-12886715.1589,3942739.9842,238,2005/01/10 00:00:00+00,The Cliffs,N/A,N/A,N/A,N/A,N/A,N/A, ,615062,3691509
-12886715.1589,3942739.9842,239,2005/01/11 00:00:00+00,The Cliffs,N/A,N/A,N/A,N/A,N/A,N/A, ,615062,3691509
-12906353.2527,3964286.9348,240,2005/01/12 00:00:00+00,North Shore,4.0,14.2,40.8,51.4,39.5,9.3, ,598465,3709237
-12895737.4548,3952891.3244,241,2005/01/12 00:00:00+00,Bat Caves,4.0,14.4,38.2,48.0,35.9,10.8, ,607427,3699864
-12906353.2527,3964286.9348,242,2005/01/13 00:00:00+00,North Shore,4.0,14.3,41.3,52.0,40.1,10.9, ,598465,3709237
-12895737.4548,3952891.3244,243,2005/01/13 00:00:00+00,Bat Caves,4.0,13.9,44.2,55.8,44.6,8.6, ,607427,3699864
-12908343.5215,3941190.3219,244,2005/01/18 00:00:00+00,The Dome,4.0,14.3,37.9,47.7,35.6,8.0, ,596997,3690022
-12898906.8272,3931692.0641,245,2005/01/18 00:00:00+00,South Salton City,4.0,14.3,40.6,51.1,39.1,11.8, ,604971,3682198
-12908343.5215,3941190.3219,246,2005/01/19 00:00:00+00,The Dome,4.0,15.2,44.9,55.2,43.9,6.8, ,596997,3690022
-12898906.8272,3931692.0641,247,2005/01/19 00:00:00+00,South Salton City,4.0,15.5,42.0,51.3,39.4,11.3, ,604971,3682198
-12918978.9415,3962128.9618,248,2005/01/20 00:00:00+00,Whitewater River,4.0,15.3,45.1,55.3,44.0,8.7, ,587948,3707343
-12917367.5293,3952583.1879,249,2005/01/20 00:00:00+00,North Desert Shores,4.0,14.5,39.7,49.5,37.4,9.1, ,589366,3699424
-12918978.9415,3962128.9618,250,2005/01/21 00:00:00+00,Whitewater River,4.0,16.0,46.0,55.4,44.1,10.2, ,587948,3707343
-12917367.5293,3952583.1879,251,2005/01/21 00:00:00+00,North Desert Shores,4.0,14.4,39.6,49.8,37.7,10.6, ,589366,3699424
-12894448.6437,3919637.7002,252,2005/02/03 00:00:00+00,Test Base,4.0,14.7,36.0,45.0,32.9,5.5, ,608813,3672196
-12894448.6437,3919637.7002,253,2005/02/04 00:00:00+00,Test Base,4.0,15.1,45.0,55.4,44.1,7.1, ,608813,3672196
-12879300.2081,3913176.1348,254,2005/02/08 00:00:00+00,New River,4.0,14.8,38.3,47.3,35.2,1.2, ,621567,3666958
-12879300.2081,3913176.1348,255,2005/02/09 00:00:00+00,New River,4.0,15.3,39.6,48.5,36.4,1.3, ,621567,3666958
-12886715.1589,3942739.9842,256,2005/04/05 00:00:00+00,The Cliffs,4.0,19.5,49.9,56.0,44.8,9.3, ,615062,3691509
-12886715.1589,3942739.9842,257,2005/04/06 00:00:00+00,The Cliffs,4.0,21.3,51.2,55.4,44.1,12.5, ,615062,3691509
-12870894.0266,3935316.5046,258,2005/04/06 00:00:00+00,North Wister,4.0,20.7,47.2,51.7,39.8,16.6, ,628368,3685497
-12870894.0266,3935316.5046,259,2005/04/07 00:00:00+00,North Wister,4.0,19.5,46.4,52.4,40.6,15.6, ,628368,3685497
-12908343.5215,3941190.3219,260,2005/04/12 00:00:00+00,The Dome,4.0,20.6,51.4,56.4,45.3,11.6, ,596997,3690022
-12898906.8272,3931692.0641,261,2005/04/12 00:00:00+00,South Salton City,4.0,19.6,50.5,56.5,45.4,9.8, ,604971,3682198
-12908343.5215,3941190.3219,262,2005/04/13 00:00:00+00,The Dome,4.0,21.5,52.7,56.1,44.9,14.5, ,596997,3690022
-12898906.8272,3931692.0641,263,2005/04/13 00:00:00+00,South Salton City,4.0,20.4,51.0,56.6,45.6,10.4, ,604971,3682198
-12906353.2527,3964286.9348,264,2005/04/19 00:00:00+00,North Shore,4.0,20.4,51.3,56.5,45.4,1.8, ,598465,3709237
-12906353.2527,3964286.9348,265,2005/04/20 00:00:00+00,North Shore,4.0,21.5,52.6,56.4,45.3,8.4, ,598465,3709237
-12895737.4548,3952891.3244,266,2005/04/20 00:00:00+00,Bat Caves,4.0,20.8,51.8,56.4,45.3,3.8, ,607427,3699864
-12895737.4548,3952891.3244,267,2005/04/21 00:00:00+00,Bat Caves,4.0,21.3,52.2,56.1,44.9,2.2, ,607427,3699864
-12870915.7261,3923476.2963,268,2005/04/21 00:00:00+00,Alamo River,4.0,23.1,52.6,54.8,43.4,7.7, ,628480,3675635
-12870915.7261,3923476.2963,269,2005/04/22 00:00:00+00,Alamo River,4.0,22.4,53.3,56.1,44.9,8.9, ,628480,3675635
-12918978.9415,3962128.9618,270,2005/04/26 00:00:00+00,Whitewater River,4.0,21.2,51.8,56.3,45.2,3.5, ,587948,3707343
-12917367.5293,3952583.1879,271,2005/04/26 00:00:00+00,North Desert Shores,4.0,20.6,51.4,56.3,45.2,3.0, ,589366,3699424
-12918978.9415,3962128.9618,272,2005/04/27 00:00:00+00,Whitewater River,4.0,22.1,53.4,56.4,45.3,4.7, ,587948,3707343
-12917367.5293,3952583.1879,273,2005/04/27 00:00:00+00,North Desert Shores,4.0,21.7,52.6,56.2,45.1,7.9, ,589366,3699424
-12894448.6437,3919637.7002,274,2005/05/03 00:00:00+00,Test Base,4.0,22.4,54.1,56.8,45.8,4.0, ,608813,3672196
-12879300.2081,3913176.1348,275,2005/05/03 00:00:00+00,New River,4.0,22.9,54.0,56.4,45.3,10.8, ,621567,3666958
-12894448.6437,3919637.7002,276,2005/05/04 00:00:00+00,Test Base,4.0,23.3,49.5,51.3,39.4,7.3, ,608813,3672196
-12879300.2081,3913176.1348,277,2005/05/04 00:00:00+00,New River,4.0,22.9,53.7,56.0,44.8,10.3, ,621567,3666958
-12908343.5215,3941190.3219,278,2005/07/14 00:00:00+00,The Dome,4.0,30.2,62.1,56.6,45.6,1.0, ,596997,3690022
-12898906.8272,3931692.0641,279,2005/07/14 00:00:00+00,South Salton City,4.0,30.1,62.5,57.0,46.1,0.9, ,604971,3682198
-12908343.5215,3941190.3219,280,2005/07/15 00:00:00+00,The Dome,4.0,31.1,63.9,57.3,46.4,0.0, ,596997,3690022
-12898906.8272,3931692.0641,281,2005/07/15 00:00:00+00,South Salton City,4.0,30.7,64.2,57.7,46.9,0.9, ,604971,3682198
-12886715.1589,3942739.9842,282,2005/07/21 00:00:00+00,The Cliffs,4.0,32.7,64.8,56.6,45.6,8.5, ,615062,3691509
-12870894.0266,3935316.5046,283,2005/07/21 00:00:00+00,North Wister,4.0,33.1,62.3,53.8,42.2,12.0, ,628368,3685497
-12886715.1589,3942739.9842,284,2005/07/22 00:00:00+00,The Cliffs,4.0,33.5,65.9,56.8,45.8,11.5, ,615062,3691509
-12870894.0266,3935316.5046,285,2005/07/22 00:00:00+00,North Wister,4.0,32.7,63.9,55.8,44.6,6.8, ,628368,3685497
-12918978.9415,3962128.9618,286,2005/07/26 00:00:00+00,Whitewater River,4.0,33.9,68.0,58.1,47.4,N/A, ,587948,3707343
-12917367.5293,3952583.1879,287,2005/07/26 00:00:00+00,North Desert Shores,4.0,32.5,66.0,57.8,47.1,N/A, ,589366,3699424
-12918978.9415,3962128.9618,288,2005/07/27 00:00:00+00,Whitewater River,4.0,33.3,66.6,57.5,46.7,N/A, ,587948,3707343
-12917367.5293,3952583.1879,289,2005/07/27 00:00:00+00,North Desert Shores,4.0,32.2,65.3,57.4,46.6,N/A, ,589366,3699424
-12894448.6437,3919637.7002,290,2005/08/01 00:00:00+00,Test Base,4.0,34.5,68.0,57.5,46.7,N/A, ,608813,3672196
-12879300.2081,3913176.1348,291,2005/08/01 00:00:00+00,New River,4.0,33.4,66.2,56.9,45.9,N/A, ,621567,3666958
-12894448.6437,3919637.7002,292,2005/08/02 00:00:00+00,Test Base,4.0,34.3,67.4,57.2,46.3,N/A, ,608813,3672196
-12879300.2081,3913176.1348,293,2005/08/02 00:00:00+00,New River,4.0,32.1,65.2,57.4,46.6,N/A, ,621567,3666958
-12870915.7261,3923476.2963,294,2005/08/04 00:00:00+00,Alamo River,4.0,32.3,64.6,56.7,45.7,N/A, ,628480,3675635
-12870915.7261,3923476.2963,295,2005/08/05 00:00:00+00,Alamo River,4.0,33.2,65.9,57.0,46.1,N/A, ,628480,3675635
-12906353.2527,3964286.9348,296,2005/08/10 00:00:00+00,North Shore,4.0,32.6,65.7,57.5,46.7,N/A, ,598465,3709237
-12895737.4548,3952891.3244,297,2005/08/10 00:00:00+00,Bat Caves,4.0,32.5,65.5,57.3,46.4,N/A, ,607427,3699864
-12906353.2527,3964286.9348,298,2005/08/11 00:00:00+00,North Shore,4.0,33.4,67.3,57.9,47.2,N/A, ,598465,3709237
-12895737.4548,3952891.3244,299,2005/08/11 00:00:00+00,Bat Caves,4.0,32.3,65.6,57.6,46.8,N/A, ,607427,3699864
-12898906.8272,3931692.0641,300,2005/10/11 00:00:00+00,South Salton City,4.0,24.7,54.9,55.5,44.2,7.8, ,604971,3682198
-12908343.5215,3941190.3219,301,2005/10/12 00:00:00+00,The Dome,4.0,24.2,57.5,58.5,48.0,5.7, ,596997,3690022
-12898906.8272,3931692.0641,302,2005/10/12 00:00:00+00,South Salton City,4.0,24.4,58.9,59.5,49.3,8.1, ,604971,3682198
-12917367.5293,3952583.1879,303,2005/10/13 00:00:00+00,North Desert Shores,4.0,25.5,59.8,59.1,48.7,9.6, ,589366,3699424
-12908343.5215,3941190.3219,304,2005/10/13 00:00:00+00,The Dome,4.0,24.6,59.6,60.1,50.1,10.3, ,596997,3690022
-12917367.5293,3952583.1879,305,2005/10/14 00:00:00+00,North Desert Shores,4.0,24.6,58.3,59.0,48.6,10.2, ,589366,3699424
-12918978.9415,3962128.9618,306,2005/10/19 00:00:00+00,Whitewater River,4.0,23.8,57.4,58.8,48.3,0.3, ,587948,3707343
-12918978.9415,3962128.9618,307,2005/10/20 00:00:00+00,Whitewater River,4.0,23.4,56.8,58.6,48.1,0.3, ,587948,3707343
-12906353.2527,3964286.9348,308,2005/10/20 00:00:00+00,North Shore,4.0,24.3,57.7,58.7,48.2,2.4, ,598465,3709237
-12906353.2527,3964286.9348,309,2005/10/21 00:00:00+00,North Shore,4.0,24.5,57.5,58.0,47.3,3.3, ,598465,3709237
-12886715.1589,3942739.9842,310,2005/10/26 00:00:00+00,The Cliffs,4.0,23.0,55.6,57.9,47.2,6.2, ,615062,3691509
-12870894.0266,3935316.5046,311,2005/10/26 00:00:00+00,North Wister,4.0,22.9,56.5,58.9,48.5,8.4, ,628368,3685497
-12886715.1589,3942739.9842,312,2005/10/27 00:00:00+00,The Cliffs,4.0,23.1,56.5,58.6,48.1,8.3, ,615062,3691509
-12870894.0266,3935316.5046,313,2005/10/27 00:00:00+00,North Wister,4.0,22.9,54.8,57.3,46.4,8.4, ,628368,3685497
-12879300.2081,3913176.1348,314,2005/11/01 00:00:00+00,New River,4.0,23.2,57.0,59.1,48.7,0.2, ,621567,3666958
-12870915.7261,3923476.2963,315,2005/11/01 00:00:00+00,Alamo River,4.0,23.2,56.0,58.2,47.6,2.0, ,628480,3675635
-12879300.2081,3913176.1348,316,2005/11/02 00:00:00+00,New River,4.0,22.9,56.5,58.8,48.3,9.8, ,621567,3666958
-12870915.7261,3923476.2963,317,2005/11/02 00:00:00+00,Alamo River,4.0,23.2,57.0,59.0,48.6,2.3, ,628480,3675635
-12895737.4548,3952891.3244,318,2005/11/03 00:00:00+00,Bat Caves,4.0,22.7,55.7,58.5,48.0,9.7, ,607427,3699864
-12895737.4548,3952891.3244,319,2005/11/04 00:00:00+00,Bat Caves,4.0,22.5,55.6,58.3,47.7,6.0, ,607427,3699864
-12894448.6437,3919637.7002,320,2005/11/07 00:00:00+00,Test Base,4.0,22.1,55.6,58.9,48.5,0.6, ,608813,3672196
-12894448.6437,3919637.7002,321,2005/11/08 00:00:00+00,Test Base,4.0,22.4,55.8,58.9,48.5,0.5, ,608813,3672196
-12906353.2527,3964286.9348,322,2006/01/05 00:00:00+00,North Shore,4.0,15.7,46.0,55.5,44.2,3.7, ,598465,3709237
-12918978.9415,3962128.9618,323,2006/01/05 00:00:00+00,Whitewater River,4.0,15.8,44.8,54.7,43.3,4.1, ,587948,3707343
-12906353.2527,3964286.9348,324,2006/01/06 00:00:00+00,North Shore,4.0,15.7,46.3,56.5,45.4,3.4, ,598465,3709237
-12918978.9415,3962128.9618,325,2006/01/06 00:00:00+00,Whitewater River,4.0,15.1,45.1,55.7,44.5,4.3, ,587948,3707343
-12917367.5293,3952583.1879,326,2006/01/11 00:00:00+00,North Desert Shores,4.0,15.3,45.0,55.3,44.0,6.9, ,589366,3699424
-12908343.5215,3941190.3219,327,2006/01/11 00:00:00+00,The Dome,4.0,15.4,45.6,55.9,44.7,8.6, ,596997,3690022
-12908343.5215,3941190.3219,328,2006/01/12 00:00:00+00,The Dome,4.0,15.5,46.0,56.7,45.7,8.6, ,596997,3690022
-12917367.5293,3952583.1879,329,2006/01/12 00:00:00+00,North Desert Shores,4.0,14.9,45.2,56.1,44.9,7.0, ,589366,3699424
-12895737.4548,3952891.3244,330,2006/01/17 00:00:00+00,Bat Caves,4.0,15.3,46.0,56.5,45.4,5.9, ,607427,3699864
-12886715.1589,3942739.9842,331,2006/01/17 00:00:00+00,The Cliffs,4.0,14.9,45.0,55.9,44.7,7.3, ,615062,3691509
-12895737.4548,3952891.3244,332,2006/01/18 00:00:00+00,Bat Caves,4.0,15.3,46.3,56.9,45.9,7.9, ,607427,3699864
-12886715.1589,3942739.9842,333,2006/01/18 00:00:00+00,The Cliffs,4.0,15.0,45.5,56.3,45.2,8.2, ,615062,3691509
-12870894.0266,3935316.5046,334,2006/01/24 00:00:00+00,North Wister,4.0,13.3,42.5,54.8,43.4,8.4, ,628368,3685497
-12870894.0266,3935316.5046,335,2006/01/25 00:00:00+00,North Wister,4.0,13.7,43.1,55.2,43.9,11.9, ,628368,3685497
-12870915.7261,3923476.2963,336,2006/01/25 00:00:00+00,Alamo River,4.0,14.0,43.7,55.4,44.1,8.2, ,628480,3675635
-12870915.7261,3923476.2963,337,2006/01/26 00:00:00+00,Alamo River,4.0,14.1,43.2,54.7,43.3,7.0, ,628480,3675635
-12879300.2081,3913176.1348,338,2006/01/26 00:00:00+00,New River,4.0,13.8,43.7,55.5,44.2,9.5, ,621567,3666958
-12879300.2081,3913176.1348,339,2006/01/27 00:00:00+00,New River,4.0,14.2,43.5,55.0,43.6,11.9, ,621567,3666958
-12898906.8272,3931692.0641,340,2006/02/01 00:00:00+00,South Salton City,4.0,15.7,43.4,52.9,41.2,13.3, ,604971,3682198
-12894448.6437,3919637.7002,341,2006/02/01 00:00:00+00,Test Base,4.0,15.8,45.1,54.9,43.5,13.0, ,608813,3672196
-12898906.8272,3931692.0641,342,2006/02/02 00:00:00+00,South Salton City,4.0,15.4,44.3,54.3,42.8,14.2, ,604971,3682198
-12894448.6437,3919637.7002,343,2006/02/02 00:00:00+00,Test Base,4.0,15.7,45.6,55.6,44.3,16.4, ,608813,3672196
-12870894.0266,3935316.5046,344,2006/04/06 00:00:00+00,North Wister,4.0,18.3,46.0,52.4,40.6,8.3, ,628368,3685497
-12886715.1589,3942739.9842,345,2006/04/06 00:00:00+00,The Cliffs,4.0,17.5,49.7,58.1,47.4,9.8, ,615062,3691509
-12870894.0266,3935316.5046,346,2006/04/07 00:00:00+00,North Wister,4.0,19.4,48.8,54.8,43.4,13.1, ,628368,3685497
-12886715.1589,3942739.9842,347,2006/04/07 00:00:00+00,The Cliffs,4.0,19.5,50.1,56.0,44.8,13.4, ,615062,3691509
-12918978.9415,3962128.9618,348,2006/04/11 00:00:00+00,Whitewater River,4.0,19.0,52.1,59.0,48.6,7.3, ,587948,3707343
-12917367.5293,3952583.1879,349,2006/04/11 00:00:00+00,North Desert Shores,4.0,18.5,50.1,57.2,46.3,8.3, ,589366,3699424
-12918978.9415,3962128.9618,350,2006/04/12 00:00:00+00,Whitewater River,4.0,20.5,53.9,58.3,47.7,12.8, ,587948,3707343
-12917367.5293,3952583.1879,351,2006/04/12 00:00:00+00,North Desert Shores,4.0,20.1,53.0,58.5,48.0,12.7, ,589366,3699424
-12898906.8272,3931692.0641,352,2006/04/13 00:00:00+00,South Salton City,4.0,19.3,52.1,58.5,48.0,10.4, ,604971,3682198
-12908343.5215,3941190.3219,353,2006/04/13 00:00:00+00,The Dome,4.0,20.3,52.8,58.0,47.3,11.7, ,596997,3690022
-12898906.8272,3931692.0641,354,2006/04/14 00:00:00+00,South Salton City,4.0,22.0,55.1,58.4,47.8,12.6, ,604971,3682198
-12908343.5215,3941190.3219,355,2006/04/14 00:00:00+00,The Dome,4.0,22.7,55.1,57.6,46.8,12.8, ,596997,3690022
-12895737.4548,3952891.3244,356,2006/04/19 00:00:00+00,Bat Caves,4.0,20.1,53.4,58.8,48.3,11.4, ,607427,3699864
-12906353.2527,3964286.9348,357,2006/04/19 00:00:00+00,North Shore,4.0,18.7,50.9,58.0,47.3,7.2, ,598465,3709237
-12895737.4548,3952891.3244,358,2006/04/20 00:00:00+00,Bat Caves,4.0,21.6,54.5,57.8,47.1,15.1, ,607427,3699864
-12906353.2527,3964286.9348,359,2006/04/20 00:00:00+00,North Shore,4.0,21.3,54.3,58.5,48.0,13.7, ,598465,3709237
-12870915.7261,3923476.2963,360,2006/04/24 00:00:00+00,Alamo River,4.0,19.4,48.0,54.0,42.4,10.5, ,628480,3675635
-12870915.7261,3923476.2963,361,2006/04/25 00:00:00+00,Alamo River,4.0,19.5,51.5,57.5,46.7,8.1, ,628480,3675635
-12879300.2081,3913176.1348,362,2006/04/27 00:00:00+00,New River,4.0,19.8,51.0,56.7,45.7,10.4, ,621567,3666958
-12879300.2081,3913176.1348,363,2006/04/28 00:00:00+00,New River,4.0,20.0,52.0,57.5,46.7,13.2, ,621567,3666958
-12894448.6437,3919637.7002,364,2006/05/02 00:00:00+00,Test Base,4.0,22.5,55.7,58.5,48.0,13.6, ,608813,3672196
-12894448.6437,3919637.7002,365,2006/05/03 00:00:00+00,Test Base,4.0,22.7,56.6,58.7,48.2,11.1, ,608813,3672196
-12906353.2527,3964286.9348,366,2006/07/06 00:00:00+00,North Shore,4.0,32.3,64.0,56.1,44.9,7.8, ,598465,3709237
-12918978.9415,3962128.9618,367,2006/07/06 00:00:00+00,Whitewater River,4.0,32.7,62.5,54.5,43.0,6.8, ,587948,3707343
-12906353.2527,3964286.9348,368,2006/07/07 00:00:00+00,North Shore,4.0,32.3,64.3,56.4,45.3,10.8, ,598465,3709237
-12918978.9415,3962128.9618,369,2006/07/07 00:00:00+00,Whitewater River,4.0,32.9,65.3,56.6,45.6,4.8, ,587948,3707343
-12917367.5293,3952583.1879,370,2006/07/10 00:00:00+00,North Desert Shores,4.0,31.4,63.9,57.0,46.1,2.3, ,589366,3699424
-12908343.5215,3941190.3219,371,2006/07/10 00:00:00+00,The Dome,4.0,31.4,64.3,57.3,46.4,5.3, ,596997,3690022
-12917367.5293,3952583.1879,372,2006/07/11 00:00:00+00,North Desert Shores,4.0,31.4,63.3,56.5,45.4,0.3, ,589366,3699424
-12908343.5215,3941190.3219,373,2006/07/11 00:00:00+00,The Dome,4.0,30.6,63.2,57.0,46.1,3.6, ,596997,3690022
-12895737.4548,3952891.3244,374,2006/07/12 00:00:00+00,Bat Caves,4.0,32.5,65.3,56.9,45.9,5.7, ,607427,3699864
-12886715.1589,3942739.9842,375,2006/07/12 00:00:00+00,The Cliffs,4.0,31.7,63.3,56.2,45.1,2.4, ,615062,3691509
-12895737.4548,3952891.3244,376,2006/07/13 00:00:00+00,Bat Caves,4.0,32.7,65.9,57.4,46.6,4.8, ,607427,3699864
-12886715.1589,3942739.9842,377,2006/07/13 00:00:00+00,The Cliffs,4.0,32.7,65.3,56.9,45.9,5.6, ,615062,3691509
-12870915.7261,3923476.2963,378,2006/07/17 00:00:00+00,Alamo River,4.0,31.4,62.4,55.6,44.3,1.4, ,628480,3675635
-12870894.0266,3935316.5046,379,2006/07/17 00:00:00+00,North Wister,4.0,33.3,64.1,55.3,44.0,6.2, ,628368,3685497
-12870915.7261,3923476.2963,380,2006/07/18 00:00:00+00,Alamo River,4.0,30.8,63.4,57.1,46.2,0.0, ,628480,3675635
-12870894.0266,3935316.5046,381,2006/07/18 00:00:00+00,North Wister,4.0,31.9,63.9,56.7,45.7,2.2, ,628368,3685497
-12898906.8272,3931692.0641,382,2006/07/19 00:00:00+00,South Salton City,4.0,33.0,67.5,58.5,48.0,2.3, ,604971,3682198
-12894448.6437,3919637.7002,383,2006/07/19 00:00:00+00,Test Base,4.0,33.5,67.7,58.2,47.6,8.0, ,608813,3672196
-12898906.8272,3931692.0641,384,2006/07/20 00:00:00+00,South Salton City,4.0,32.3,66.0,57.9,47.2,0.9, ,604971,3682198
-12894448.6437,3919637.7002,385,2006/07/20 00:00:00+00,Test Base,4.0,32.6,66.6,58.2,47.6,0.3, ,608813,3672196
-12879300.2081,3913176.1348,386,2006/07/24 00:00:00+00,New River,4.0,33.6,67.5,58.2,47.6,0.2, ,621567,3666958
-12879300.2081,3913176.1348,387,2006/07/25 00:00:00+00,New River,4.0,33.0,62.3,55.9,44.7,0.7, ,621567,3666958
-12870894.0266,3935316.5046,388,2006/10/10 00:00:00+00,North Wister,4.0,24.7,47.6,48.0,35.9,8.8, ,628368,3685497
-12886715.1589,3942739.9842,389,2006/10/10 00:00:00+00,The Cliffs,4.0,23.8,52.3,53.5,41.8,5.7, ,615062,3691509
-12870894.0266,3935316.5046,390,2006/10/11 00:00:00+00,North Wister,4.0,24.6,53.2,53.8,42.2,9.2, ,628368,3685497
-12886715.1589,3942739.9842,391,2006/10/11 00:00:00+00,The Cliffs,4.0,24.8,56.2,56.3,45.2,4.7, ,615062,3691509
-12918978.9415,3962128.9618,392,2006/10/12 00:00:00+00,Whitewater River,4.0,25.9,57.9,56.9,45.9,4.8, ,587948,3707343
-12918978.9415,3962128.9618,393,2006/10/13 00:00:00+00,Whitewater River,4.0,25.4,54.8,54.4,42.9,3.7, ,587948,3707343
-12879300.2081,3913176.1348,394,2006/10/18 00:00:00+00,New River,4.0,22.3,48.3,51.1,39.1,2.5, ,621567,3666958
-12879300.2081,3913176.1348,395,2006/10/19 00:00:00+00,New River,4.0,22.9,51.9,54.0,42.4,5.4, ,621567,3666958
-12906353.2527,3964286.9348,396,2006/10/24 00:00:00+00,North Shore,4.0,24.0,51.5,52.5,40.7,5.7, ,598465,3709237
-12895737.4548,3952891.3244,397,2006/10/25 00:00:00+00,Bat Caves,4.0,24.0,52.0,53.2,41.5,9.4, ,607427,3699864
-12906353.2527,3964286.9348,398,2006/10/25 00:00:00+00,North Shore,4.0,24.4,54.2,54.8,43.4,4.0, ,598465,3709237
-12870915.7261,3923476.2963,399,2006/10/26 00:00:00+00,Alamo River,4.0,22.7,53.1,55.6,44.3,3.2, ,628480,3675635
-12895737.4548,3952891.3244,400,2006/10/26 00:00:00+00,Bat Caves,4.0,23.4,54.8,56.6,45.6,2.7, ,607427,3699864
-12870915.7261,3923476.2963,401,2006/10/27 00:00:00+00,Alamo River,4.0,22.5,52.8,55.7,44.5,5.9, ,628480,3675635
-12894448.6437,3919637.7002,402,2006/10/31 00:00:00+00,Test Base,4.0,22.1,54.2,57.2,46.3,3.4, ,608813,3672196
-12898906.8272,3931692.0641,403,2006/11/01 00:00:00+00,South Salton City,4.0,21.5,50.8,54.5,43.0,5.0, ,604971,3682198
-12894448.6437,3919637.7002,404,2006/11/01 00:00:00+00,Test Base,4.0,22.3,53.9,56.6,45.6,5.0, ,608813,3672196
-12898906.8272,3931692.0641,405,2006/11/02 00:00:00+00,South Salton City,4.0,21.6,53.1,56.8,45.8,5.4, ,604971,3682198
-12908343.5215,3941190.3219,406,2006/11/02 00:00:00+00,The Dome,4.0,21.5,51.0,54.6,43.1,3.8, ,596997,3690022
-12908343.5215,3941190.3219,407,2006/11/03 00:00:00+00,The Dome,4.0,22.2,53.7,56.7,45.7,6.6, ,596997,3690022
-12917367.5293,3952583.1879,408,2006/11/06 00:00:00+00,North Desert Shores,4.0,22.1,49.4,52.4,40.6,4.1, ,589366,3699424
-12917367.5293,3952583.1879,409,2006/11/07 00:00:00+00,North Desert Shores,4.0,21.8,47.8,51.1,39.1,3.3, ,589366,3699424
-12917367.5293,3952583.1879,410,2007/02/07 00:00:00+00,North Desert Shores,4.0,14.2,39.0,49.3,37.2,11.3, ,589366,3699424
-12918978.9415,3962128.9618,411,2007/02/07 00:00:00+00,Whitewater River,4.0,15.7,37.8,46.1,34.0,11.0, ,587948,3707343
-12917367.5293,3952583.1879,412,2007/02/08 00:00:00+00,North Desert Shores,4.0,16.3,45.7,54.9,43.5,16.3, ,589366,3699424
-12908343.5215,3941190.3219,413,2007/02/08 00:00:00+00,The Dome,4.0,13.9,37.7,48.0,35.9,14.9, ,596997,3690022
-12918978.9415,3962128.9618,414,2007/02/08 00:00:00+00,Whitewater River,4.0,15.0,43.8,54.1,42.5,3.2, ,587948,3707343
-12908343.5215,3941190.3219,415,2007/02/09 00:00:00+00,The Dome,4.0,14.0,44.7,56.7,45.7,15.4, ,596997,3690022
-12895737.4548,3952891.3244,416,2007/02/13 00:00:00+00,Bat Caves,4.0,15.1,47.5,58.4,47.8,9.3, ,607427,3699864
-12906353.2527,3964286.9348,417,2007/02/13 00:00:00+00,North Shore,4.0,14.2,46.4,58.6,48.1,7.3, ,598465,3709237
-12895737.4548,3952891.3244,418,2007/02/14 00:00:00+00,Bat Caves,4.0,15.5,48.2,58.8,48.3,10.4, ,607427,3699864
-12906353.2527,3964286.9348,419,2007/02/14 00:00:00+00,North Shore,4.0,13.8,45.5,58.0,47.3,5.7, ,598465,3709237
-12898906.8272,3931692.0641,420,2007/02/15 00:00:00+00,South Salton City,4.0,15.0,48.0,59.5,49.3,11.9, ,604971,3682198
-12898906.8272,3931692.0641,421,2007/02/16 00:00:00+00,South Salton City,4.0,14.8,46.5,57.8,47.1,10.2, ,604971,3682198
-12879300.2081,3913176.1348,422,2007/02/20 00:00:00+00,New River,4.0,14.9,47.2,58.5,48.0,9.3, ,621567,3666958
-12894448.6437,3919637.7002,423,2007/02/20 00:00:00+00,Test Base,4.0,14.1,47.5,60.0,49.9,9.2, ,608813,3672196
-12879300.2081,3913176.1348,424,2007/02/21 00:00:00+00,New River,4.0,15.2,47.2,58.3,47.7,8.7, ,621567,3666958
-12894448.6437,3919637.7002,425,2007/02/21 00:00:00+00,Test Base,4.0,14.0,47.6,60.0,49.9,8.0, ,608813,3672196
-12870915.7261,3923476.2963,426,2007/03/01 00:00:00+00,Alamo River,4.0,13.5,46.1,58.9,48.5,8.3, ,628480,3675635
-12870894.0266,3935316.5046,427,2007/03/01 00:00:00+00,North Wister,4.0,14.8,47.0,58.3,47.7,7.4, ,628368,3685497
-12886715.1589,3942739.9842,428,2007/03/01 00:00:00+00,The Cliffs,4.0,15.0,48.5,59.9,49.8,9.7, ,615062,3691509
-12870915.7261,3923476.2963,429,2007/03/02 00:00:00+00,Alamo River,4.0,15.3,47.4,57.5,46.7,15.0, ,628480,3675635
-12870894.0266,3935316.5046,430,2007/03/02 00:00:00+00,North Wister,4.0,13.3,45.0,58.0,47.3,11.3, ,628368,3685497
-12886715.1589,3942739.9842,431,2007/03/02 00:00:00+00,The Cliffs,4.0,14.7,48.3,60.1,50.1,7.3, ,615062,3691509
-12918978.9415,3962128.9618,432,2007/04/09 00:00:00+00,Whitewater River,4.0,19.9,52.4,58.4,47.8,1.3, ,587948,3707343
-12906353.2527,3964286.9348,433,2007/04/10 00:00:00+00,North Shore,4.0,20.5,55.0,60.2,50.2,4.5, ,598465,3709237
-12918978.9415,3962128.9618,434,2007/04/10 00:00:00+00,Whitewater River,4.0,19.2,53.1,59.8,49.7,0.9, ,587948,3707343
-12906353.2527,3964286.9348,435,2007/04/11 00:00:00+00,North Shore,4.0,23.1,57.7,59.8,49.7,9.0, ,598465,3709237
-12898906.8272,3931692.0641,436,2007/04/17 00:00:00+00,South Salton City,4.0,19.0,53.4,60.4,50.5,5.4, ,604971,3682198
-12908343.5215,3941190.3219,437,2007/04/17 00:00:00+00,The Dome,4.0,19.5,52.7,58.9,48.5,4.9, ,596997,3690022
-12898906.8272,3931692.0641,438,2007/04/18 00:00:00+00,South Salton City,4.0,19.5,54.1,60.4,50.5,4.6, ,604971,3682198
-12908343.5215,3941190.3219,439,2007/04/18 00:00:00+00,The Dome,4.0,19.5,53.2,59.6,49.4,4.4, ,596997,3690022
-12879300.2081,3913176.1348,440,2007/04/24 00:00:00+00,New River,4.0,18.1,50.9,58.6,48.1,5.5, ,621567,3666958
-12894448.6437,3919637.7002,441,2007/04/24 00:00:00+00,Test Base,4.0,19.8,54.2,60.2,50.2,4.1, ,608813,3672196
-12879300.2081,3913176.1348,442,2007/04/25 00:00:00+00,New River,4.0,21.3,54.6,58.9,48.5,8.1, ,621567,3666958
-12894448.6437,3919637.7002,443,2007/04/25 00:00:00+00,Test Base,4.0,19.5,54.0,60.2,50.2,3.3, ,608813,3672196
-12917367.5293,3952583.1879,444,2007/04/26 00:00:00+00,North Desert Shores,4.0,23.0,57.4,59.7,49.5,7.9, ,589366,3699424
-12917367.5293,3952583.1879,445,2007/04/27 00:00:00+00,North Desert Shores,4.0,22.8,57.7,60.2,50.2,9.2, ,589366,3699424
-12895737.4548,3952891.3244,446,2007/05/01 00:00:00+00,Bat Caves,4.0,24.4,58.6,59.3,49.0,11.4, ,607427,3699864
-12886715.1589,3942739.9842,447,2007/05/01 00:00:00+00,The Cliffs,4.0,24.0,58.7,59.7,49.5,7.4, ,615062,3691509
-12895737.4548,3952891.3244,448,2007/05/02 00:00:00+00,Bat Caves,4.0,23.6,57.9,59.6,49.4,7.3, ,607427,3699864
-12886715.1589,3942739.9842,449,2007/05/02 00:00:00+00,The Cliffs,4.0,22.9,57.8,60.0,49.9,4.8, ,615062,3691509
-12870915.7261,3923476.2963,450,2007/05/08 00:00:00+00,Alamo River,4.0,23.6,57.9,59.3,49.0,7.7, ,628480,3675635
-12870894.0266,3935316.5046,451,2007/05/08 00:00:00+00,North Wister,4.0,21.7,48.4,52.4,40.6,15.3, ,628368,3685497
-12870915.7261,3923476.2963,452,2007/07/10 00:00:00+00,Alamo River,4.0,29.2,64.5,59.8,49.7,1.1, ,628480,3675635
-12870915.7261,3923476.2963,453,2007/07/11 00:00:00+00,Alamo River,4.0,28.4,63.0,58.9,48.5,1.2, ,628480,3675635
-12870894.0266,3935316.5046,454,2007/07/11 00:00:00+00,North Wister,4.0,30.2,59.8,70.0,64.5,4.4, ,628368,3685497
-12870894.0266,3935316.5046,455,2007/07/12 00:00:00+00,North Wister,4.0,30.3,73.5,65.8,58.1,4.2, ,628368,3685497
-12886715.1589,3942739.9842,456,2007/07/12 00:00:00+00,The Cliffs,4.0,30.9,67.3,60.7,50.9,4.2, ,615062,3691509
-12895737.4548,3952891.3244,457,2007/07/17 00:00:00+00,Bat Caves,4.0,31.2,65.9,59.0,48.6,0.5, ,607427,3699864
-12895737.4548,3952891.3244,458,2007/07/18 00:00:00+00,Bat Caves,4.0,32.5,68.9,60.3,50.3,3.4, ,607427,3699864
-12906353.2527,3964286.9348,459,2007/07/18 00:00:00+00,North Shore,4.0,32.4,68.1,59.8,49.7,3.0, ,598465,3709237
-12906353.2527,3964286.9348,460,2007/07/19 00:00:00+00,North Shore,4.0,32.0,68.6,60.6,50.7,0.9, ,598465,3709237
-12918978.9415,3962128.9618,461,2007/07/19 00:00:00+00,Whitewater River,4.0,32.1,68.5,60.5,50.6,2.1, ,587948,3707343
-12918978.9415,3962128.9618,462,2007/07/20 00:00:00+00,Whitewater River,4.0,32.3,69.4,60.9,51.1,1.4, ,587948,3707343
-12917367.5293,3952583.1879,463,2007/07/23 00:00:00+00,North Desert Shores,4.0,32.0,67.5,59.7,49.5,2.0, ,589366,3699424
-12917367.5293,3952583.1879,464,2007/07/24 00:00:00+00,North Desert Shores,4.0,31.2,68.4,61.1,51.4,N/A, ,589366,3699424
-12908343.5215,3941190.3219,465,2007/07/24 00:00:00+00,The Dome,4.0,31.6,68.9,61.1,51.4,N/A, ,596997,3690022
-12898906.8272,3931692.0641,466,2007/07/25 00:00:00+00,South Salton City,4.0,32.1,70.3,61.9,52.5,3.0, ,604971,3682198
-12908343.5215,3941190.3219,467,2007/07/25 00:00:00+00,The Dome,4.0,31.0,68.7,61.6,52.1,1.2, ,596997,3690022
-12898906.8272,3931692.0641,468,2007/07/26 00:00:00+00,South Salton City,4.0,32.0,69.8,61.6,52.1,1.6, ,604971,3682198
-12879300.2081,3913176.1348,469,2007/07/30 00:00:00+00,New River,4.0,30.8,67.2,60.4,50.5,0.8, ,621567,3666958
-12879300.2081,3913176.1348,470,2007/07/31 00:00:00+00,New River,4.0,30.6,67.2,60.6,50.7,0.6, ,621567,3666958
-12894448.6437,3919637.7002,471,2007/07/31 00:00:00+00,Test Base,4.0,32.3,70.1,61.5,51.9,3.7, ,608813,3672196
-12894448.6437,3919637.7002,472,2007/08/01 00:00:00+00,Test Base,4.0,31.9,68.1,60.2,50.2,2.7, ,608813,3672196
